word,sense_name,word_pos
starer,sight,"('starer', 'VERB')"
glances,sight,"('glances', 'VERB')"
ogled,sight,"('ogled', 'VERB')"
saw,sight,"('saw', 'VERB')"
sawyer,sight,"('sawyer', 'NOUN')"
glance,sight,"('glance', 'NOUN')"
visualize,sight,"('visualize', 'VERB')"
understandability,sight,"('understandability', 'NOUN')"
determiner,sight,"('determiner', 'PROPN')"
examiner,sight,"('examiner', 'NOUN')"
examined,sight,"('examined', 'VERB')"
glimpsing,sight,"('glimpsing', 'VERB')"
star,sight,"('star', 'NOUN')"
seeings,sight,"('seeings', 'NOUN')"
visits,sight,"('visits', 'NOUN')"
visualizing,sight,"('visualizing', 'VERB')"
glanced,sight,"('glanced', 'VERB')"
gloat,sight,"('gloat', 'NOUN')"
examining,sight,"('examining', 'VERB')"
interpretive,sight,"('interpretive', 'ADJ')"
behold,sight,"('behold', 'VERB')"
interpretings,sight,"('interpretings', 'NOUN')"
interpreters,sight,"('interpreters', 'NOUN')"
ogles,sight,"('ogles', 'X')"
examination,sight,"('examination', 'NOUN')"
gloatings,sight,"('gloatings', 'NOUN')"
admires,sight,"('admires', 'NOUN')"
stare,sight,"('stare', 'NOUN')"
understandingly,sight,"('understandingly', 'ADV')"
leering,sight,"('leering', 'VERB')"
interpretation,sight,"('interpretation', 'NOUN')"
see,sight,"('see', 'VERB')"
understandabilities,sight,"('understandabilities', 'NOUN')"
determiners,sight,"('determiners', 'NOUN')"
staring,sight,"('staring', 'VERB')"
leers,sight,"('leers', 'NOUN')"
watch,sight,"('watch', 'VERB')"
witnessers,sight,"('witnessers', 'NOUN')"
interpreting,sight,"('interpreting', 'VERB')"
visit,sight,"('visit', 'NOUN')"
seen,sight,"('seen', 'VERB')"
watches,sight,"('watches', 'NOUN')"
determined,sight,"('determined', 'VERB')"
peeps,sight,"('peeps', 'NOUN')"
visited,sight,"('visited', 'VERB')"
peeper,sight,"('peeper', 'NOUN')"
sawyers,sight,"('sawyers', 'NOUN')"
squinting,sight,"('squinting', 'VERB')"
meet,sight,"('meet', 'VERB')"
sawed,sight,"('sawed', 'VERB')"
meets,sight,"('meets', 'VERB')"
interprets,sight,"('interprets', 'VERB')"
peer,sight,"('peer', 'VERB')"
peeping,sight,"('peeping', 'VERB')"
experience,sight,"('experience', 'NOUN')"
saws,sight,"('saws', 'NOUN')"
witnessed,sight,"('witnessed', 'VERB')"
interpreted,sight,"('interpreted', 'VERB')"
ogling,sight,"('ogling', 'VERB')"
beholds,sight,"('beholds', 'VERB')"
admiring,sight,"('admiring', 'VERB')"
leer,sight,"('leer', 'INTJ')"
admirer,sight,"('admirer', 'NOUN')"
beheld,sight,"('beheld', 'ADJ')"
understand,sight,"('understand', 'VERB')"
glancing,sight,"('glancing', 'VERB')"
gloating,sight,"('gloating', 'VERB')"
visiting,sight,"('visiting', 'VERB')"
gazed,sight,"('gazed', 'VERB')"
ogler,sight,"('ogler', 'PROPN')"
squinted,sight,"('squinted', 'VERB')"
visitors,sight,"('visitors', 'NOUN')"
sawing,sight,"('sawing', 'VERB')"
witnesser,sight,"('witnesser', 'NOUN')"
gazes,sight,"('gazes', 'VERB')"
beholdings,sight,"('beholdings', 'NOUN')"
starry,sight,"('starry', 'ADJ')"
visualizers,sight,"('visualizers', 'NOUN')"
admirers,sight,"('admirers', 'NOUN')"
watching,sight,"('watching', 'VERB')"
met,sight,"('met', 'VERB')"
watchers,sight,"('watchers', 'NOUN')"
visitation,sight,"('visitation', 'NOUN')"
leered,sight,"('leered', 'VERB')"
determine,sight,"('determine', 'VERB')"
visitor,sight,"('visitor', 'NOUN')"
squint,sight,"('squint', 'NOUN')"
seer,sight,"('seer', 'NOUN')"
experient,sight,"('experient', 'NOUN')"
seeing,sight,"('seeing', 'VERB')"
experiencing,sight,"('experiencing', 'VERB')"
visitants,sight,"('visitants', 'NOUN')"
interpretations,sight,"('interpretations', 'NOUN')"
goggles,sight,"('goggles', 'NOUN')"
regarded,sight,"('regarded', 'VERB')"
determines,sight,"('determines', 'VERB')"
eyes,sight,"('eyes', 'NOUN')"
gaze,sight,"('gaze', 'VERB')"
oglers,sight,"('oglers', 'NOUN')"
examinee,sight,"('examinee', 'NOUN')"
glimpse,sight,"('glimpse', 'NOUN')"
interpreter,sight,"('interpreter', 'NOUN')"
starers,sight,"('starers', 'NOUN')"
examines,sight,"('examines', 'VERB')"
sawn,sight,"('sawn', 'NOUN')"
admire,sight,"('admire', 'NOUN')"
beholder,sight,"('beholder', 'NOUN')"
watched,sight,"('watched', 'VERB')"
visitings,sight,"('visitings', 'NOUN')"
witnessing,sight,"('witnessing', 'VERB')"
experienced,sight,"('experienced', 'VERB')"
goggled,sight,"('goggled', 'VERB')"
leing,sight,"('leing', 'VERB')"
stardoms,sight,"('stardoms', 'NOUN')"
eyelets,sight,"('eyelets', 'NOUN')"
experiences,sight,"('experiences', 'NOUN')"
understands,sight,"('understands', 'VERB')"
goggless,sight,"('goggless', 'NOUN')"
goggling,sight,"('goggling', 'VERB')"
determinants,sight,"('determinants', 'NOUN')"
admiration,sight,"('admiration', 'NOUN')"
peeped,sight,"('peeped', 'VERB')"
peers,sight,"('peers', 'NOUN')"
squints,sight,"('squints', 'NOUN')"
beholding,sight,"('beholding', 'VERB')"
stares,sight,"('stares', 'VERB')"
determination,sight,"('determination', 'NOUN')"
gloated,sight,"('gloated', 'VERB')"
starring,sight,"('starring', 'VERB')"
beholders,sight,"('beholders', 'NOUN')"
gloats,sight,"('gloats', 'NOUN')"
visualizations,sight,"('visualizations', 'NOUN')"
meeters,sight,"('meeters', 'NOUN')"
meeting,sight,"('meeting', 'NOUN')"
goggle,sight,"('goggle', 'NOUN')"
determinedly,sight,"('determinedly', 'ADV')"
gazing,sight,"('gazing', 'VERB')"
witnesses,sight,"('witnesses', 'NOUN')"
determining,sight,"('determining', 'VERB')"
stared,sight,"('stared', 'VERB')"
stardom,sight,"('stardom', 'PRON')"
examinations,sight,"('examinations', 'VERB')"
admired,sight,"('admired', 'VERB')"
sees,sight,"('sees', 'VERB')"
glimpsed,sight,"('glimpsed', 'VERB')"
understanding,sight,"('understanding', 'VERB')"
visitations,sight,"('visitations', 'NOUN')"
squinters,sight,"('squinters', 'NOUN')"
leery,sight,"('leery', 'ADJ')"
leed,sight,"('leed', 'PROPN')"
peepers,sight,"('peepers', 'NOUN')"
eye,sight,"('eye', 'NOUN')"
regard,sight,"('regard', 'NOUN')"
understandable,sight,"('understandable', 'ADJ')"
determinations,sight,"('determinations', 'NOUN')"
regarding,sight,"('regarding', 'VERB')"
understood,sight,"('understood', 'VERB')"
meeter,sight,"('meeter', 'NOUN')"
admirations,sight,"('admirations', 'NOUN')"
visualizer,sight,"('visualizer', 'NOUN')"
interpretative,sight,"('interpretative', 'ADJ')"
seers,sight,"('seers', 'NOUN')"
examine,sight,"('examine', 'VERB')"
peep,sight,"('peep', 'VERB')"
eyed,sight,"('eyed', 'VERB')"
stars,sight,"('stars', 'NOUN')"
understandings,sight,"('understandings', 'NOUN')"
watcher,sight,"('watcher', 'PROPN')"
examinees,sight,"('examinees', 'VERB')"
experiential,sight,"('experiential', 'ADJ')"
peering,sight,"('peering', 'VERB')"
peered,sight,"('peered', 'ADJ')"
examiners,sight,"('examiners', 'VERB')"
squinter,sight,"('squinter', 'NOUN')"
interpret,sight,"('interpret', 'VERB')"
visualization,sight,"('visualization', 'NOUN')"
starred,sight,"('starred', 'VERB')"
visualized,sight,"('visualized', 'VERB')"
meetings,sight,"('meetings', 'NOUN')"
eying,sight,"('eying', 'VERB')"
ogle,sight,"('ogle', 'VERB')"
visualizes,sight,"('visualizes', 'NOUN')"
determinant,sight,"('determinant', 'ADJ')"
eyelet,sight,"('eyelet', 'PROPN')"
regards,sight,"('regards', 'VERB')"
watchings,sight,"('watchings', 'NOUN')"
visitant,sight,"('visitant', 'ADJ')"
glimpses,sight,"('glimpses', 'NOUN')"
eyess,sight,"('eyess', 'NOUN')"
witness,sight,"('witness', 'NOUN')"
learnt,hear,"('learnt', 'VERB')"
musicians,hear,"('musicians', 'NOUN')"
popper,hear,"('popper', 'NOUN')"
voice,hear,"('voice', 'NOUN')"
gongs,hear,"('gongs', 'NOUN')"
learners,hear,"('learners', 'NOUN')"
caught,hear,"('caught', 'VERB')"
catcher,hear,"('catcher', 'NOUN')"
rings,hear,"('rings', 'NOUN')"
tonuses,hear,"('tonuses', 'NOUN')"
attenders,hear,"('attenders', 'NOUN')"
heard,hear,"('heard', 'VERB')"
unisons,hear,"('unisons', 'NOUN')"
clinks,hear,"('clinks', 'NOUN')"
musicianship,hear,"('musicianship', 'NOUN')"
musical,hear,"('musical', 'ADJ')"
intoning,hear,"('intoning', 'VERB')"
attender,hear,"('attender', 'NOUN')"
playlets,hear,"('playlets', 'NOUN')"
learn,hear,"('learn', 'VERB')"
dubs,hear,"('dubs', 'VERB')"
tinged,hear,"('tinged', 'VERB')"
catching,hear,"('catching', 'VERB')"
pops,hear,"('pops', 'NOUN')"
strummed,hear,"('strummed', 'VERB')"
attending,hear,"('attending', 'VERB')"
intonates,hear,"('intonates', 'VERB')"
toned,hear,"('toned', 'ADJ')"
blows,hear,"('blows', 'VERB')"
hearer,hear,"('hearer', 'PROPN')"
hearing,hear,"('hearing', 'VERB')"
preparations,hear,"('preparations', 'NOUN')"
attentive,hear,"('attentive', 'ADJ')"
listeners,hear,"('listeners', 'NOUN')"
intone,hear,"('intone', 'ADV')"
hearers,hear,"('hearers', 'NOUN')"
intonation,hear,"('intonation', 'NOUN')"
learner,hear,"('learner', 'PROPN')"
musically,hear,"('musically', 'ADV')"
intonating,hear,"('intonating', 'VERB')"
twang,hear,"('twang', 'PROPN')"
catchments,hear,"('catchments', 'NOUN')"
dub,hear,"('dub', 'PROPN')"
strums,hear,"('strums', 'VERB')"
attend,hear,"('attend', 'VERB')"
attends,hear,"('attends', 'VERB')"
musics,hear,"('musics', 'NOUN')"
unison,hear,"('unison', 'NOUN')"
played,hear,"('played', 'VERB')"
tonus,hear,"('tonus', 'NOUN')"
pop,hear,"('pop', 'VERB')"
ting,hear,"('ting', 'NOUN')"
musicalities,hear,"('musicalities', 'NOUN')"
voiced,hear,"('voiced', 'VERB')"
playings,hear,"('playings', 'NOUN')"
musicianships,hear,"('musicianships', 'NOUN')"
listens,hear,"('listens', 'VERB')"
tone,hear,"('tone', 'NOUN')"
musicalnesses,hear,"('musicalnesses', 'VERB')"
music,hear,"('music', 'NOUN')"
ring,hear,"('ring', 'NOUN')"
tonicity,hear,"('tonicity', 'NOUN')"
strum,hear,"('strum', 'PROPN')"
prepared,hear,"('prepared', 'VERB')"
attentivenesses,hear,"('attentivenesses', 'NOUN')"
ringing,hear,"('ringing', 'VERB')"
intonations,hear,"('intonations', 'NOUN')"
preparation,hear,"('preparation', 'NOUN')"
listened,hear,"('listened', 'VERB')"
noisy,hear,"('noisy', 'ADJ')"
preparednesses,hear,"('preparednesses', 'VERB')"
attendances,hear,"('attendances', 'VERB')"
attendance,hear,"('attendance', 'NOUN')"
attendings,hear,"('attendings', 'NOUN')"
ringer,hear,"('ringer', 'ADJ')"
voicer,hear,"('voicer', 'PROPN')"
listenings,hear,"('listenings', 'NOUN')"
musicals,hear,"('musicals', 'NOUN')"
preparing,hear,"('preparing', 'VERB')"
catch,hear,"('catch', 'VERB')"
blowy,hear,"('blowy', 'PROPN')"
intonated,hear,"('intonated', 'VERB')"
player,hear,"('player', 'NOUN')"
intonate,hear,"('intonate', 'VERB')"
hear,hear,"('hear', 'VERB')"
toning,hear,"('toning', 'VERB')"
ringings,hear,"('ringings', 'NOUN')"
plays,hear,"('plays', 'VERB')"
noising,hear,"('noising', 'VERB')"
listener,hear,"('listener', 'NOUN')"
intoned,hear,"('intoned', 'VERB')"
harks,hear,"('harks', 'VERB')"
rung,hear,"('rung', 'NOUN')"
learnings,hear,"('learnings', 'NOUN')"
preparedness,hear,"('preparedness', 'NOUN')"
prepare,hear,"('prepare', 'VERB')"
learns,hear,"('learns', 'VERB')"
voices,hear,"('voices', 'NOUN')"
catches,hear,"('catches', 'NOUN')"
strumming,hear,"('strumming', 'VERB')"
attentiveness,hear,"('attentiveness', 'NOUN')"
ringers,hear,"('ringers', 'NOUN')"
preparatory,hear,"('preparatory', 'ADJ')"
musician,hear,"('musician', 'NOUN')"
poppings,hear,"('poppings', 'VERB')"
noises,hear,"('noises', 'NOUN')"
toner,hear,"('toner', 'NOUN')"
blowings,hear,"('blowings', 'NOUN')"
tings,hear,"('tings', 'NOUN')"
dubbings,hear,"('dubbings', 'NOUN')"
hears,hear,"('hears', 'VERB')"
listening,hear,"('listening', 'VERB')"
noisinesses,hear,"('noisinesses', 'NOUN')"
dubbed,hear,"('dubbed', 'VERB')"
tonics,hear,"('tonics', 'NOUN')"
harking,hear,"('harking', 'VERB')"
noised,hear,"('noised', 'VERB')"
clinked,hear,"('clinked', 'VERB')"
attentions,hear,"('attentions', 'NOUN')"
catchy,hear,"('catchy', 'ADJ')"
blowing,hear,"('blowing', 'VERB')"
catchment,hear,"('catchment', 'PROPN')"
tonality,hear,"('tonality', 'NOUN')"
rungs,hear,"('rungs', 'NOUN')"
blower,hear,"('blower', 'VERB')"
players,hear,"('players', 'NOUN')"
blow,hear,"('blow', 'NOUN')"
twangs,hear,"('twangs', 'NOUN')"
blowers,hear,"('blowers', 'NOUN')"
voicings,hear,"('voicings', 'NOUN')"
poppers,hear,"('poppers', 'NOUN')"
gong,hear,"('gong', 'VERB')"
attentively,hear,"('attentively', 'ADV')"
noisily,hear,"('noisily', 'ADV')"
voicing,hear,"('voicing', 'VERB')"
hearings,hear,"('hearings', 'NOUN')"
attention,hear,"('attention', 'NOUN')"
noisiness,hear,"('noisiness', 'ADJ')"
clinking,hear,"('clinking', 'VERB')"
attendant,hear,"('attendant', 'NOUN')"
twanged,hear,"('twanged', 'VERB')"
attendants,hear,"('attendants', 'NOUN')"
musicalness,hear,"('musicalness', 'PROPN')"
playing,hear,"('playing', 'VERB')"
prepares,hear,"('prepares', 'VERB')"
catchings,hear,"('catchings', 'NOUN')"
blew,hear,"('blew', 'VERB')"
hark,hear,"('hark', 'PROPN')"
twanging,hear,"('twanging', 'VERB')"
noise,hear,"('noise', 'NOUN')"
listen,hear,"('listen', 'VERB')"
preparative,hear,"('preparative', 'NOUN')"
learning,hear,"('learning', 'VERB')"
hearable,hear,"('hearable', 'ADJ')"
catchers,hear,"('catchers', 'NOUN')"
blown,hear,"('blown', 'VERB')"
playlet,hear,"('playlet', 'ADJ')"
dubbing,hear,"('dubbing', 'VERB')"
tonic,hear,"('tonic', 'NOUN')"
popping,hear,"('popping', 'VERB')"
attended,hear,"('attended', 'VERB')"
popped,hear,"('popped', 'VERB')"
harked,hear,"('harked', 'VERB')"
tonal,hear,"('tonal', 'ADJ')"
musicality,hear,"('musicality', 'NOUN')"
clink,hear,"('clink', 'NOUN')"
tones,hear,"('tones', 'NOUN')"
tonicities,hear,"('tonicities', 'NOUN')"
tinging,hear,"('tinging', 'VERB')"
play,hear,"('play', 'NOUN')"
voicers,hear,"('voicers', 'NOUN')"
intones,hear,"('intones', 'VERB')"
tonalities,hear,"('tonalities', 'NOUN')"
toners,hear,"('toners', 'NOUN')"
tint,touch,"('tint', 'NOUN')"
allusion,touch,"('allusion', 'NOUN')"
engagements,touch,"('engagements', 'NOUN')"
reaches,touch,"('reaches', 'VERB')"
brushy,touch,"('brushy', 'ADJ')"
mouth,touch,"('mouth', 'NOUN')"
alluding,touch,"('alluding', 'VERB')"
hittings,touch,"('hittings', 'NOUN')"
partook,touch,"('partook', 'VERB')"
kissing,touch,"('kissing', 'VERB')"
brushings,touch,"('brushings', 'NOUN')"
allusivenesses,touch,"('allusivenesses', 'NOUN')"
snogged,touch,"('snogged', 'VERB')"
handle,touch,"('handle', 'VERB')"
kissings,touch,"('kissings', 'NOUN')"
snogging,touch,"('snogging', 'VERB')"
palpate,touch,"('palpate', 'NOUN')"
handler,touch,"('handler', 'NOUN')"
touch,touch,"('touch', 'NOUN')"
referees,touch,"('referees', 'VERB')"
palpates,touch,"('palpates', 'VERB')"
strikingnesses,touch,"('strikingnesses', 'NOUN')"
refereeings,touch,"('refereeings', 'NOUN')"
pressurized,touch,"('pressurized', 'VERB')"
textures,touch,"('textures', 'NOUN')"
strikers,touch,"('strikers', 'NOUN')"
pressures,touch,"('pressures', 'NOUN')"
refer,touch,"('refer', 'VERB')"
allusions,touch,"('allusions', 'NOUN')"
fingers,touch,"('fingers', 'VERB')"
somatosense,touch,"('somatosense', 'NOUN')"
presses,touch,"('presses', 'VERB')"
equations,touch,"('equations', 'NOUN')"
handled,touch,"('handled', 'VERB')"
pickup,touch,"('pickup', 'NOUN')"
equals,touch,"('equals', 'VERB')"
toeing,touch,"('toeing', 'VERB')"
toed,touch,"('toed', 'VERB')"
touchings,touch,"('touchings', 'NOUN')"
engaged,touch,"('engaged', 'VERB')"
feeler,touch,"('feeler', 'NOUN')"
equate,touch,"('equate', 'ADJ')"
contacting,touch,"('contacting', 'VERB')"
touchingly,touch,"('touchingly', 'ADV')"
kisser,touch,"('kisser', 'ADV')"
palpating,touch,"('palpating', 'VERB')"
touchers,touch,"('touchers', 'NOUN')"
contact,touch,"('contact', 'NOUN')"
referring,touch,"('referring', 'VERB')"
equality,touch,"('equality', 'NOUN')"
snogs,touch,"('snogs', 'NOUN')"
kissed,touch,"('kissed', 'VERB')"
partaken,touch,"('partaken', 'VERB')"
equators,touch,"('equators', 'NOUN')"
affectingly,touch,"('affectingly', 'ADV')"
hit,touch,"('hit', 'VERB')"
affectedness,touch,"('affectedness', 'NOUN')"
affectedly,touch,"('affectedly', 'ADV')"
engaging,touch,"('engaging', 'VERB')"
finger,touch,"('finger', 'NOUN')"
stroked,touch,"('stroked', 'VERB')"
striking,touch,"('striking', 'VERB')"
partakers,touch,"('partakers', 'NOUN')"
referents,touch,"('referents', 'NOUN')"
palpation,touch,"('palpation', 'NOUN')"
contacted,touch,"('contacted', 'VERB')"
equalities,touch,"('equalities', 'NOUN')"
mouths,touch,"('mouths', 'NOUN')"
equaled,touch,"('equaled', 'VERB')"
pressurizing,touch,"('pressurizing', 'VERB')"
strikingly,touch,"('strikingly', 'ADV')"
brush,touch,"('brush', 'PROPN')"
reaching,touch,"('reaching', 'VERB')"
partaking,touch,"('partaking', 'VERB')"
touched,touch,"('touched', 'VERB')"
referral,touch,"('referral', 'NOUN')"
pressings,touch,"('pressings', 'NOUN')"
pressure,touch,"('pressure', 'NOUN')"
tints,touch,"('tints', 'NOUN')"
pressurize,touch,"('pressurize', 'VERB')"
reach,touch,"('reach', 'VERB')"
reachings,touch,"('reachings', 'NOUN')"
partake,touch,"('partake', 'VERB')"
tagging,touch,"('tagging', 'VERB')"
handlings,touch,"('handlings', 'NOUN')"
snog,touch,"('snog', 'NOUN')"
tintings,touch,"('tintings', 'NOUN')"
touches,touch,"('touches', 'NOUN')"
tagged,touch,"('tagged', 'VERB')"
snoggings,touch,"('snoggings', 'VERB')"
equal,touch,"('equal', 'ADJ')"
tinted,touch,"('tinted', 'VERB')"
hitters,touch,"('hitters', 'NOUN')"
felt,touch,"('felt', 'VERB')"
handlers,touch,"('handlers', 'NOUN')"
referee,touch,"('referee', 'NOUN')"
toes,touch,"('toes', 'NOUN')"
felts,touch,"('felts', 'VERB')"
refereeing,touch,"('refereeing', 'NOUN')"
hits,touch,"('hits', 'VERB')"
equally,touch,"('equally', 'ADV')"
feels,touch,"('feels', 'VERB')"
somatosenses,touch,"('somatosenses', 'VERB')"
equatings,touch,"('equatings', 'NOUN')"
refers,touch,"('refers', 'VERB')"
press,touch,"('press', 'NOUN')"
equates,touch,"('equates', 'VERB')"
alludes,touch,"('alludes', 'NOUN')"
partaker,touch,"('partaker', 'NOUN')"
partakes,touch,"('partakes', 'NOUN')"
equation,touch,"('equation', 'NOUN')"
fingering,touch,"('fingering', 'VERB')"
equatorial,touch,"('equatorial', 'ADJ')"
refereed,touch,"('refereed', 'ADJ')"
handles,touch,"('handles', 'NOUN')"
allude,touch,"('allude', 'NOUN')"
kissers,touch,"('kissers', 'NOUN')"
mouthed,touch,"('mouthed', 'VERB')"
tags,touch,"('tags', 'NOUN')"
alluded,touch,"('alluded', 'VERB')"
feelers,touch,"('feelers', 'NOUN')"
pickups,touch,"('pickups', 'NOUN')"
equaling,touch,"('equaling', 'VERB')"
struck,touch,"('struck', 'VERB')"
toe,touch,"('toe', 'NOUN')"
engagement,touch,"('engagement', 'NOUN')"
affective,touch,"('affective', 'ADJ')"
pressurise,touch,"('pressurise', 'PROPN')"
pressuring,touch,"('pressuring', 'VERB')"
referencing,touch,"('referencing', 'VERB')"
brushed,touch,"('brushed', 'VERB')"
equating,touch,"('equating', 'VERB')"
engagingly,touch,"('engagingly', 'ADV')"
hitter,touch,"('hitter', 'PROPN')"
kisses,touch,"('kisses', 'VERB')"
equated,touch,"('equated', 'VERB')"
brushing,touch,"('brushing', 'VERB')"
allusive,touch,"('allusive', 'ADJ')"
touching,touch,"('touching', 'VERB')"
affectional,touch,"('affectional', 'ADJ')"
referenced,touch,"('referenced', 'VERB')"
stroking,touch,"('stroking', 'VERB')"
reached,touch,"('reached', 'VERB')"
handling,touch,"('handling', 'VERB')"
affects,touch,"('affects', 'VERB')"
affecting,touch,"('affecting', 'VERB')"
strikings,touch,"('strikings', 'NOUN')"
hitting,touch,"('hitting', 'VERB')"
referrals,touch,"('referrals', 'NOUN')"
engages,touch,"('engages', 'VERB')"
referential,touch,"('referential', 'ADJ')"
feeling,touch,"('feeling', 'VERB')"
strokes,touch,"('strokes', 'VERB')"
contacts,touch,"('contacts', 'NOUN')"
pressing,touch,"('pressing', 'VERB')"
pressurizes,touch,"('pressurizes', 'VERB')"
reference,touch,"('reference', 'NOUN')"
fingerings,touch,"('fingerings', 'NOUN')"
referent,touch,"('referent', 'NOUN')"
palpatory,touch,"('palpatory', 'NOUN')"
feelings,touch,"('feelings', 'NOUN')"
affected,touch,"('affected', 'VERB')"
pressingly,touch,"('pressingly', 'ADV')"
feel,touch,"('feel', 'VERB')"
brushes,touch,"('brushes', 'VERB')"
palpated,touch,"('palpated', 'VERB')"
tinters,touch,"('tinters', 'NOUN')"
strike,touch,"('strike', 'NOUN')"
striker,touch,"('striker', 'NOUN')"
toucher,touch,"('toucher', 'PROPN')"
references,touch,"('references', 'NOUN')"
affectednesses,touch,"('affectednesses', 'VERB')"
strokings,touch,"('strokings', 'NOUN')"
affect,touch,"('affect', 'VERB')"
allusiveness,touch,"('allusiveness', 'NOUN')"
referred,touch,"('referred', 'VERB')"
fingered,touch,"('fingered', 'VERB')"
equatorials,touch,"('equatorials', 'NOUN')"
mouthing,touch,"('mouthing', 'VERB')"
engage,touch,"('engage', 'VERB')"
pressed,touch,"('pressed', 'VERB')"
strikingness,touch,"('strikingness', 'NOUN')"
tag,touch,"('tag', 'NOUN')"
texture,touch,"('texture', 'NOUN')"
tinter,touch,"('tinter', 'NOUN')"
palpations,touch,"('palpations', 'NOUN')"
pressured,touch,"('pressured', 'VERB')"
strikes,touch,"('strikes', 'VERB')"
equator,touch,"('equator', 'NOUN')"
stroke,touch,"('stroke', 'NOUN')"
kiss,touch,"('kiss', 'VERB')"
tinting,touch,"('tinting', 'VERB')"
salt,taste,"('salt', 'NOUN')"
salters,taste,"('salters', 'NOUN')"
sample,taste,"('sample', 'NOUN')"
preferred,taste,"('preferred', 'ADJ')"
preferential,taste,"('preferential', 'ADJ')"
cultures,taste,"('cultures', 'NOUN')"
samplers,taste,"('samplers', 'NOUN')"
samples,taste,"('samples', 'NOUN')"
currying,taste,"('currying', 'VERB')"
cultural,taste,"('cultural', 'ADJ')"
curry,taste,"('curry', 'PROPN')"
mellowed,taste,"('mellowed', 'VERB')"
seasons,taste,"('seasons', 'NOUN')"
prefers,taste,"('prefers', 'VERB')"
saltiness,taste,"('saltiness', 'NOUN')"
discriminations,taste,"('discriminations', 'NOUN')"
salted,taste,"('salted', 'VERB')"
astringencies,taste,"('astringencies', 'NOUN')"
flatlets,taste,"('flatlets', 'NOUN')"
sour,taste,"('sour', 'ADJ')"
virtus,taste,"('virtus', 'PROPN')"
sampled,taste,"('sampled', 'VERB')"
sauced,taste,"('sauced', 'VERB')"
prefer,taste,"('prefer', 'VERB')"
finishing,taste,"('finishing', 'VERB')"
acculturates,taste,"('acculturates', 'VERB')"
samplings,taste,"('samplings', 'NOUN')"
savors,taste,"('savors', 'NOUN')"
astringency,taste,"('astringency', 'NOUN')"
culture,taste,"('culture', 'NOUN')"
delicacies,taste,"('delicacies', 'NOUN')"
zested,taste,"('zested', 'VERB')"
sours,taste,"('sours', 'VERB')"
bitterly,taste,"('bitterly', 'ADV')"
lemons,taste,"('lemons', 'NOUN')"
discriminating,taste,"('discriminating', 'VERB')"
preferment,taste,"('preferment', 'NOUN')"
zesting,taste,"('zesting', 'VERB')"
mellowness,taste,"('mellowness', 'PROPN')"
mellow,taste,"('mellow', 'ADJ')"
sampling,taste,"('sampling', 'VERB')"
finishes,taste,"('finishes', 'VERB')"
zestily,taste,"('zestily', 'ADV')"
sweets,taste,"('sweets', 'NOUN')"
relishes,taste,"('relishes', 'NOUN')"
sweetly,taste,"('sweetly', 'ADV')"
acculturate,taste,"('acculturate', 'VERB')"
finish,taste,"('finish', 'NOUN')"
tastings,taste,"('tastings', 'NOUN')"
discriminator,taste,"('discriminator', 'PROPN')"
astringences,taste,"('astringences', 'NOUN')"
sourings,taste,"('sourings', 'NOUN')"
resinates,taste,"('resinates', 'VERB')"
curries,taste,"('curries', 'VERB')"
discrimination,taste,"('discrimination', 'NOUN')"
resinate,taste,"('resinate', 'VERB')"
saltings,taste,"('saltings', 'NOUN')"
sauces,taste,"('sauces', 'NOUN')"
virtu,taste,"('virtu', 'NOUN')"
mellowing,taste,"('mellowing', 'VERB')"
delicacy,taste,"('delicacy', 'NOUN')"
resins,taste,"('resins', 'NOUN')"
zests,taste,"('zests', 'NOUN')"
discriminatory,taste,"('discriminatory', 'ADJ')"
flats,taste,"('flats', 'NOUN')"
mellowly,taste,"('mellowly', 'ADV')"
preferentially,taste,"('preferentially', 'ADV')"
mellows,taste,"('mellows', 'VERB')"
acculturated,taste,"('acculturated', 'VERB')"
bittered,taste,"('bittered', 'VERB')"
preference,taste,"('preference', 'NOUN')"
discriminative,taste,"('discriminative', 'ADJ')"
discriminates,taste,"('discriminates', 'VERB')"
saucing,taste,"('saucing', 'VERB')"
sauce,taste,"('sauce', 'NOUN')"
relish,taste,"('relish', 'NOUN')"
vanilla,taste,"('vanilla', 'NOUN')"
preferring,taste,"('preferring', 'VERB')"
discriminate,taste,"('discriminate', 'NOUN')"
resinated,taste,"('resinated', 'VERB')"
sournesses,taste,"('sournesses', 'NOUN')"
sweet,taste,"('sweet', 'ADJ')"
preferences,taste,"('preferences', 'NOUN')"
zesty,taste,"('zesty', 'NOUN')"
sweetness,taste,"('sweetness', 'NOUN')"
sourly,taste,"('sourly', 'ADV')"
discriminators,taste,"('discriminators', 'NOUN')"
flatnesses,taste,"('flatnesses', 'VERB')"
seasoned,taste,"('seasoned', 'VERB')"
tastiness,taste,"('tastiness', 'NOUN')"
salty,taste,"('salty', 'ADJ')"
savoring,taste,"('savoring', 'VERB')"
seasoners,taste,"('seasoners', 'NOUN')"
finishers,taste,"('finishers', 'NOUN')"
mellownesses,taste,"('mellownesses', 'VERB')"
resinating,taste,"('resinating', 'VERB')"
relishings,taste,"('relishings', 'NOUN')"
salter,taste,"('salter', 'NOUN')"
tastes,taste,"('tastes', 'VERB')"
flat,taste,"('flat', 'ADJ')"
bitter,taste,"('bitter', 'ADJ')"
tasting,taste,"('tasting', 'VERB')"
seasoner,taste,"('seasoner', 'NOUN')"
bitters,taste,"('bitters', 'NOUN')"
relished,taste,"('relished', 'VERB')"
acculturations,taste,"('acculturations', 'NOUN')"
lemony,taste,"('lemony', 'NOUN')"
mellowings,taste,"('mellowings', 'NOUN')"
resiny,taste,"('resiny', 'PROPN')"
acculturational,taste,"('acculturational', 'ADJ')"
tasty,taste,"('tasty', 'PROPN')"
sampler,taste,"('sampler', 'NOUN')"
astringent,taste,"('astringent', 'ADJ')"
salts,taste,"('salts', 'NOUN')"
seasoning,taste,"('seasoning', 'NOUN')"
soured,taste,"('soured', 'VERB')"
preferent,taste,"('preferent', 'NOUN')"
bitterness,taste,"('bitterness', 'NOUN')"
flatness,taste,"('flatness', 'NOUN')"
salting,taste,"('salting', 'VERB')"
resin,taste,"('resin', 'NOUN')"
discriminated,taste,"('discriminated', 'VERB')"
zest,taste,"('zest', 'VERB')"
finisher,taste,"('finisher', 'ADV')"
vogue,taste,"('vogue', 'NOUN')"
resinous,taste,"('resinous', 'ADJ')"
finishings,taste,"('finishings', 'NOUN')"
saltinesses,taste,"('saltinesses', 'VERB')"
taste,taste,"('taste', 'NOUN')"
vogues,taste,"('vogues', 'VERB')"
preferments,taste,"('preferments', 'NOUN')"
acculturation,taste,"('acculturation', 'NOUN')"
tastinesses,taste,"('tastinesses', 'NOUN')"
bittering,taste,"('bittering', 'VERB')"
savorings,taste,"('savorings', 'NOUN')"
culturing,taste,"('culturing', 'VERB')"
flatlet,taste,"('flatlet', 'NOUN')"
tasted,taste,"('tasted', 'VERB')"
tasters,taste,"('tasters', 'NOUN')"
lemon,taste,"('lemon', 'NOUN')"
vanillas,taste,"('vanillas', 'NOUN')"
relishing,taste,"('relishing', 'VERB')"
seasonings,taste,"('seasonings', 'NOUN')"
savor,taste,"('savor', 'NOUN')"
curriers,taste,"('curriers', 'NOUN')"
sourness,taste,"('sourness', 'NOUN')"
acculturative,taste,"('acculturative', 'ADJ')"
tastily,taste,"('tastily', 'ADV')"
season,taste,"('season', 'NOUN')"
astringe,taste,"('astringe', 'NOUN')"
acculturating,taste,"('acculturating', 'VERB')"
taster,taste,"('taster', 'NOUN')"
astringence,taste,"('astringence', 'NOUN')"
astringents,taste,"('astringents', 'NOUN')"
sweetnesses,taste,"('sweetnesses', 'NOUN')"
souring,taste,"('souring', 'NOUN')"
culturally,taste,"('culturally', 'ADV')"
curried,taste,"('curried', 'VERB')"
flatly,taste,"('flatly', 'ADV')"
cultured,taste,"('cultured', 'ADJ')"
currier,taste,"('currier', 'PROPN')"
finished,taste,"('finished', 'VERB')"
bitternesses,taste,"('bitternesses', 'NOUN')"
perceptible,smell,"('perceptible', 'ADJ')"
smelted,smell,"('smelted', 'VERB')"
sensitive,smell,"('sensitive', 'ADJ')"
malodors,smell,"('malodors', 'NOUN')"
exteroceptions,smell,"('exteroceptions', 'NOUN')"
perceived,smell,"('perceived', 'VERB')"
sensing,smell,"('sensing', 'VERB')"
nosing,smell,"('nosing', 'VERB')"
acridities,smell,"('acridities', 'NOUN')"
smelly,smell,"('smelly', 'ADV')"
smelled,smell,"('smelled', 'VERB')"
perceptions,smell,"('perceptions', 'NOUN')"
modal,smell,"('modal', 'NOUN')"
smelter,smell,"('smelter', 'PROPN')"
bouquets,smell,"('bouquets', 'NOUN')"
sniffs,smell,"('sniffs', 'VERB')"
perfuming,smell,"('perfuming', 'VERB')"
perfume,smell,"('perfume', 'NOUN')"
sniffed,smell,"('sniffed', 'VERB')"
muskinesses,smell,"('muskinesses', 'VERB')"
noses,smell,"('noses', 'NOUN')"
nosy,smell,"('nosy', 'ADJ')"
modality,smell,"('modality', 'NOUN')"
nosey,smell,"('nosey', 'NOUN')"
sensitively,smell,"('sensitively', 'ADV')"
smackings,smell,"('smackings', 'NOUN')"
sensuously,smell,"('sensuously', 'ADV')"
perceptibilities,smell,"('perceptibilities', 'NOUN')"
sensitivity,smell,"('sensitivity', 'NOUN')"
perceiver,smell,"('perceiver', 'VERB')"
smelt,smell,"('smelt', 'VERB')"
perceptivities,smell,"('perceptivities', 'NOUN')"
snuff,smell,"('snuff', 'NOUN')"
odor,smell,"('odor', 'PROPN')"
rancidness,smell,"('rancidness', 'NOUN')"
aroma,smell,"('aroma', 'NOUN')"
sniff,smell,"('sniff', 'PROPN')"
sensuousnesses,smell,"('sensuousnesses', 'NOUN')"
modes,smell,"('modes', 'NOUN')"
smackers,smell,"('smackers', 'NOUN')"
spiritize,smell,"('spiritize', 'VERB')"
sensors,smell,"('sensors', 'NOUN')"
smacker,smell,"('smacker', 'NOUN')"
perceiving,smell,"('perceiving', 'VERB')"
exteroception,smell,"('exteroception', 'NOUN')"
perceptiveness,smell,"('perceptiveness', 'NOUN')"
sensibility,smell,"('sensibility', 'NOUN')"
aromatize,smell,"('aromatize', 'VERB')"
sensibleness,smell,"('sensibleness', 'PROPN')"
smack,smell,"('smack', 'VERB')"
scent,smell,"('scent', 'NOUN')"
acridity,smell,"('acridity', 'NOUN')"
smellings,smell,"('smellings', 'NOUN')"
sensed,smell,"('sensed', 'ADJ')"
sensitivities,smell,"('sensitivities', 'NOUN')"
smells,smell,"('smells', 'VERB')"
sensible,smell,"('sensible', 'ADJ')"
incense,smell,"('incense', 'NOUN')"
aromatise,smell,"('aromatise', 'NOUN')"
spiritualities,smell,"('spiritualities', 'NOUN')"
malodor,smell,"('malodor', 'PROPN')"
odorous,smell,"('odorous', 'ADJ')"
sensitives,smell,"('sensitives', 'NOUN')"
snuffing,smell,"('snuffing', 'VERB')"
sensuousness,smell,"('sensuousness', 'NOUN')"
sensations,smell,"('sensations', 'NOUN')"
percipient,smell,"('percipient', 'NOUN')"
scents,smell,"('scents', 'NOUN')"
scenting,smell,"('scenting', 'ADJ')"
aromatic,smell,"('aromatic', 'ADJ')"
perceptively,smell,"('perceptively', 'ADV')"
perceptual,smell,"('perceptual', 'ADJ')"
rancidity,smell,"('rancidity', 'NOUN')"
perceptive,smell,"('perceptive', 'ADJ')"
nosed,smell,"('nosed', 'ADJ')"
spirituous,smell,"('spirituous', 'ADJ')"
spiritous,smell,"('spiritous', 'ADJ')"
sniffing,smell,"('sniffing', 'VERB')"
property,smell,"('property', 'NOUN')"
scented,smell,"('scented', 'VERB')"
perceptibly,smell,"('perceptibly', 'ADV')"
percipients,smell,"('percipients', 'NOUN')"
perceptibility,smell,"('perceptibility', 'NOUN')"
spirituals,smell,"('spirituals', 'NOUN')"
rancidnesses,smell,"('rancidnesses', 'NOUN')"
bouquet,smell,"('bouquet', 'PROPN')"
sensuous,smell,"('sensuous', 'ADJ')"
spirituality,smell,"('spirituality', 'NOUN')"
snuffs,smell,"('snuffs', 'NOUN')"
malodorousness,smell,"('malodorousness', 'PROPN')"
perceivers,smell,"('perceivers', 'NOUN')"
sensorial,smell,"('sensorial', 'NOUN')"
sensibilities,smell,"('sensibilities', 'NOUN')"
perceptually,smell,"('perceptually', 'ADV')"
sniffer,smell,"('sniffer', 'NOUN')"
smelling,smell,"('smelling', 'NOUN')"
smacking,smell,"('smacking', 'NOUN')"
acrid,smell,"('acrid', 'NOUN')"
sensiblenesses,smell,"('sensiblenesses', 'NOUN')"
incensing,smell,"('incensing', 'VERB')"
aromas,smell,"('aromas', 'PROPN')"
smelting,smell,"('smelting', 'VERB')"
nose,smell,"('nose', 'NOUN')"
rancid,smell,"('rancid', 'NOUN')"
muskiness,smell,"('muskiness', 'ADJ')"
perfumery,smell,"('perfumery', 'NOUN')"
properties,smell,"('properties', 'NOUN')"
nosiness,smell,"('nosiness', 'NOUN')"
sensor,smell,"('sensor', 'NOUN')"
odorize,smell,"('odorize', 'NOUN')"
sensibly,smell,"('sensibly', 'ADV')"
sen,smell,"('sen', 'PROPN')"
malodorous,smell,"('malodorous', 'ADJ')"
acridness,smell,"('acridness', 'NOUN')"
rancidities,smell,"('rancidities', 'NOUN')"
spirits,smell,"('spirits', 'NOUN')"
sensings,smell,"('sensings', 'NOUN')"
spiritual,smell,"('spiritual', 'ADJ')"
nosinesses,smell,"('nosinesses', 'NOUN')"
sensify,smell,"('sensify', 'VERB')"
incensed,smell,"('incensed', 'VERB')"
sniffers,smell,"('sniffers', 'NOUN')"
perceive,smell,"('perceive', 'NOUN')"
smacks,smell,"('smacks', 'NOUN')"
incenses,smell,"('incenses', 'NOUN')"
sense,smell,"('sense', 'NOUN')"
odors,smell,"('odors', 'NOUN')"
snuffed,smell,"('snuffed', 'VERB')"
perfumed,smell,"('perfumed', 'VERB')"
aromatizes,smell,"('aromatizes', 'NOUN')"
aromatized,smell,"('aromatized', 'VERB')"
spirit,smell,"('spirit', 'PROPN')"
senses,smell,"('senses', 'NOUN')"
smelters,smell,"('smelters', 'NOUN')"
modalities,smell,"('modalities', 'NOUN')"
sensitiveness,smell,"('sensitiveness', 'NOUN')"
perceptivity,smell,"('perceptivity', 'NOUN')"
sensation,smell,"('sensation', 'NOUN')"
perfumes,smell,"('perfumes', 'NOUN')"
smell,smell,"('smell', 'NOUN')"
aromatizing,smell,"('aromatizing', 'VERB')"
spiritually,smell,"('spiritually', 'ADV')"
smacked,smell,"('smacked', 'VERB')"
sens,smell,"('sens', 'NOUN')"
perception,smell,"('perception', 'NOUN')"
sensitivenesses,smell,"('sensitivenesses', 'VERB')"
perfumeries,smell,"('perfumeries', 'NOUN')"
perceives,smell,"('perceives', 'NOUN')"
mode,smell,"('mode', 'NOUN')"
perceptivenesses,smell,"('perceptivenesses', 'NOUN')"
modals,smell,"('modals', 'NOUN')"
smelts,smell,"('smelts', 'NOUN')"
malodorousnesses,smell,"('malodorousnesses', 'NOUN')"
acridnesses,smell,"('acridnesses', 'NOUN')"
